"user","degree","institution","field_of_study","period","summary"
"applicant","Bachelor's degree","Example Uni","Mathematics / Statistics","1996-08 to 2000-07","eu, placerat eget, venenatis a, magna. Lorem ipsum dolor sit amet, consectetuer adipiscing elit. Etiam laoreet, libero et tristique pellentesque, tellus sem mollis dui, in sodales"
"applicant","Doctorate","Example Uni","Sport science","2000-08 to 2003-07","eget, venenatis a, magna. Lorem ipsum dolor sit amet, consectetuer adipiscing elit. Etiam laoreet, libero et tristique pellentesque, tellus"
"angel","Bachelor's degree","Foo Uni","International Business","1996-08 to 2000-07","mauris. Integer sem elit, pharetra ut, pharetra sed, hendrerit a, arcu. Sed et libero. Proin mi. Aliquam gravida mauris ut mi. Duis risus odio, auctor vitae, aliquet nec, imperdiet nec, leo. Morbi"
"builder","Bachelor's degree","Foo Uni","Music","1996-08 to 2000-07","Vestibulum accumsan neque et nunc. Quisque ornare tortor at risus. Nunc ac sem ut dolor dapibus gravida. Aliquam tincidunt, nunc ac mattis ornare, lectus ante dictum mi, ac mattis velit justo nec ante. Maecenas mi felis, adipiscing fringilla,"
"bulb","Bachelor's degree","Foo Uni","Mathematics / Statistics","1996-08 to 2000-07","vitae semper egestas, urna justo faucibus lectus, a sollicitudin orci sem eget massa. Suspendisse eleifend. Cras sed leo. Cras vehicula aliquet libero. Integer in magna. Phasellus dolor elit, pellentesque a, facilisis non, bibendum sed,"
"cap","Bachelor's degree","Foo Uni","Mathematics / Statistics","1996-08 to 2000-07","malesuada ut, sem. Nulla interdum. Curabitur dictum. Phasellus in felis. Nulla tempor augue ac ipsum. Phasellus vitae mauris sit amet lorem semper auctor. Mauris vel turpis. Aliquam adipiscing lobortis risus. In mi pede, nonummy ut, molestie in, tempus eu, ligula."
"engineer","Bachelor's degree","Foo Uni","Mathematics / Statistics","1996-08 to 2000-07","Pellentesque habitant morbi tristique senectus et netus et malesuada fames ac turpis egestas. Aliquam fringilla cursus purus. Nullam scelerisque neque sed sem egestas blandit. Nam nulla magna, malesuada vel, convallis in, cursus et, eros. Proin"
"india","High school","Example High","International Business","1990-01 to 1994-01","Cum sociis natoque penatibus et magnis dis parturient montes, nascetur ridiculus mus. Aenean eget magna. Suspendisse tristique neque venenatis"
"patch","Bachelor's degree","Example Uni","Human resources /  Organisation","1996-08 to 2000-07","elit. Etiam laoreet, libero et tristique pellentesque, tellus sem mollis dui, in sodales elit erat vitae risus. Duis a mi fringilla mi lacinia mattis. Integer eu lacus. Quisque imperdiet, erat nonummy ultricies ornare, elit"
"patch","Doctorate","Example Uni","Chemical industry","2000-08 to 2003-07","turpis nec mauris blandit mattis. Cras eget nisi dictum augue malesuada malesuada. Integer id magna et ipsum cursus vestibulum. Mauris magna. Duis dignissim tempor arcu. Vestibulum ut eros non enim commodo hendrerit. Donec porttitor tellus non magna. Nam"
"peru","Bachelor's degree","Foo Uni","Mathematics / Statistics","1996-08 to 2000-07","Lorem ipsum dolor sit amet, consectetuer adipiscing elit. Curabitur sed tortor. Integer aliquam adipiscing lacus."
"tiger","Bachelor's degree","Foo Uni","Physics / Astronomy","1996-08 to 2000-07","Lorem ipsum dolor sit amet, consectetuer adipiscing elit. Curabitur sed tortor. Integer aliquam adipiscing lacus. Ut nec urna et arcu imperdiet"
